source_id,source_type,source_url,what_it_supports,archived,local_path,sha256,bytes,fetched_at,notes
S001,legal/practice memo,https://www.nagashima.com/wp-content/uploads/2024/12/capital_no44.pdf,"Policy shareholding sale methods: offering, block, market, off-auction distribution, bilateral sale, issuer buyback/ToSTNeT-3/self-tender.",TRUE,raw/pdfs/S001__nagashima_capital_no44.pdf,27b49a5576de36e78224e97b56c6e117c7b84d5f565d97cbe2381a8d04991c68,776031,2026-07-07T16:42:12+09:00,
S002,JPX official,https://www.jpx.co.jp/equities/trading/own-company-shares/index.html,Issuer repurchases can use ToSTNeT-2 and ToSTNeT-3 in addition to regular market buying.,TRUE,raw/pdfs/S002__jpx_jishakabu_soutei_shitsumon_ja.pdf,23fe3faa040329fe718b4f19391f20569732c75cc43657db0ec5764effdbbc4c,508149,2026-07-07T16:42:12+09:00,
S003,Company disclosure,https://global.honda/content/dam/site/global-jp/news-new/cq_img/2024/07/c240704/c240704.pdf,Honda secondary offering and buyback authorization details.,TRUE,raw/pdfs/S003__honda_c240704.pdf,414e784f0e08eac75c9bb80e4fc48501032a1421a9c4bc8ac7e585b4e25bf774,501990,2026-07-07T16:42:12+09:00,
S004,Company disclosure,https://www.aisin.com/en/news/uploads/2027062701en.pdf,"Aisin secondary offering, sellers, OA, and buyback support.",TRUE,raw/pdfs/S004__aisin_2027062701en.pdf,116ea7d8c85529969df722ba569ea1fa2fd9d742fc05bac1324db8d3bf1a50cd,342711,2026-07-07T16:42:12+09:00,URL path contains 2027; 一次PDF保存必須。
S005,Company disclosure,https://www.nse.or.jp/listing/search/files/140120240328562091.pdf,DENSO sale of Toyota Industries shares and share forward agreement designed to limit market impact.,TRUE,raw/pdfs/S005__denso_toyota_industries_140120240328562091.pdf,41fda6326cf87e649425f88a5a67cb2bbbce5be4535a121f7499ae7e9a5310f5,169365,2026-07-07T16:42:12+09:00,
S006,Company disclosure,https://www.taxan.co.jp/jp/ir/upload_file/tdnrelease/8154_20250807533725_P01_.pdf,Kaga Electronics ToSTNeT-3 buyback prompted by bank policy holding reduction.,TRUE,raw/pdfs/S006__kaga_electronics_8154_20250807533725_P01_.pdf,e6df94a3ebe1e9a23411d382517cb98fbd2175816b34285b05c404313450d29f,440911,2026-07-07T16:42:12+09:00,
S007,Company disclosure,https://www.nintendo.co.jp/ir/pdf/2026/260227.pdf,Nintendo secondary offering and sellers.,TRUE,raw/pdfs/S007__nintendo_260227.pdf,1d653821351ac285bb48782367079436f5e74fade514b7a5a122b755530be1c7,199620,2026-07-07T16:42:12+09:00,
S008,Company disclosure,https://www.nintendo.co.jp/ir/pdf/2026/260227_2.pdf,Nintendo ToSTNeT-3 buyback authorization.,TRUE,raw/pdfs/S008__nintendo_260227_2.pdf,ffc46437d5a1469df15f92954e0009c148d127bc5b51f55b3ab0d4ae32e79628,143975,2026-07-07T16:42:12+09:00,
S009,Company disclosure,https://finance-frontend-pc-dist.west.edge.storage-yahoo.jp/disclosure/20260303/20260302574028.pdf,DeNA sale into Nintendo ToSTNeT-3 buyback and reduction of planned offering shares.,TRUE,raw/pdfs/S009__dena_yahoo_20260302574028.pdf,94e36964be58b43de2cf53fd3d80c57c9374a1ef032ea15f898068dfa04acf05,237919,2026-07-07T16:42:12+09:00,Yahoo CDN直リンク。一次PDF保存必須。
S010,Reuters,https://www.reuters.com/sustainability/sustainable-finance-reporting/nintendo-plans-around-19-billion-share-sale-by-kyoto-bank-others-sources-say-2026-02-27/,Reuters estimate of Nintendo share sale value and context of strategic shareholding unwind.,FALSE,,,,2026-07-07T16:42:12+09:00,
S011,Company disclosure,https://www.nintendo.co.jp/ir/pdf/2026/security_q2603.pdf,"Nintendo FY2026/3有報: 自己株式11,430,000株の取得・消却実績(G008 L002の裏付け)",TRUE,raw/pdfs/S011__nintendo_security_q2603.pdf,dd17b4ed996fa0c96764b4260a944b3e6c1af85909099a08f0b65c0a97240cfc,1478622,2026-07-07T16:42:12+09:00,
S012,Company disclosure,https://www.thepack.co.jp/dcms_media/other/2025.08.29b.pdf,The Pack 売出し・買付支援の一次開示(G006),TRUE,raw/pdfs/S012__thepack_2025.08.29b.pdf,ccca4f0adf2e94d8b382d893756f3a09c177d6666a9190d49fb52fda036d453a,200703,2026-07-07T16:42:12+09:00,
S013,Company disclosure,https://www.nishikawa-rbr.co.jp/upfile/20260119_3_news.pdf,Daikyo Nishikawa 売出し一次開示(G007),TRUE,raw/pdfs/S013__daikyo_nishikawa_20260119_3_news.pdf,87f6925b2fb557d5e2c8ce02affd17e6e1d616f84b8edc06a6145c4fb8431455,132848,2026-07-07T16:42:12+09:00,
S014,Company disclosure,https://www.toyota-industries.com/news/2023/11/29/008606/index.html,DENSO売出しへのToyota Industries参加表明(G001),TRUE,raw/pdfs/S014__toyota_industries_20231129_index.html,d88ef27a6bbd4fbd0672ad731ea55ce24fbba71b6faa2cede5314672066e571a,20794,2026-07-07T16:42:12+09:00,
S015,Reuters,https://www.reuters.com/business/autos-transportation/toyota-group-companies-offload-some-1-bln-aisin-shares-2024-06-27/,Aisin売出し規模の報道(G003 secondary),FALSE,,,,2026-07-07T16:42:12+09:00,paywall/robotsで自動保存不可の可能性
S016,Reuters,https://www.reuters.com/business/autos-transportation/japanese-insurers-banks-sell-honda-shares-worth-33-bln-filing-shows-2024-07-04/,Honda売出し規模の報道(G004 secondary),FALSE,,,,2026-07-07T16:42:12+09:00,paywall/robotsで自動保存不可の可能性
S017,Company disclosure,https://finance-frontend-pc-dist.west.edge.storage-yahoo.jp/disclosure/20260227/20260227571366.pdf,DeNA応募・売出株数減少の開示PDF控え(G008 L002 secondary),TRUE,raw/pdfs/S017__yahoo_cdn_nintendo_20260227571366.pdf,2841e6513df24269f59bf2658e49c462d000ff799b572bcde23e5b9418f7ff3f,207876,2026-07-07T16:42:12+09:00,Yahoo CDN直リンク。一次PDF保存必須
