event_group_id,event_leg_id,issuer_code,announcement_CAR_m1_p1,announcement_CAR_0_p1,drift_ann_to_pricing,pricing_CAR_m1_p1,settlement_CAR_m1_p1,recovery_5d,recovery_20d,recovery_60d,abnormal_volume_0_p3
G001,L001,6902,-0.030698,0.016868,,,,0.006081,-0.069270,0.071691,0.8602
G002,L001,6201,-0.083186,-0.096208,,,,-0.073889,-0.051987,-0.160753,0.5400
G003,L001,7259,-0.013660,-0.004438,,,,0.012630,-0.009345,-0.008946,0.8621
G004,L001,7267,-0.010755,-0.007338,,,,-0.028313,-0.009145,-0.040170,0.3769
G005,L001,8154,0.108721,0.101778,,,,0.036232,0.140792,0.070266,0.9676
G006,L001,3950,-0.041294,-0.025578,,,,-0.021978,-0.004484,0.003010,0.9761
G007,L001,4246,0.025028,0.027036,,,0.014705,0.031866,0.060088,0.014656,1.8246
G008,L001,7974,0.011071,-0.003108,,,,0.052436,0.093932,-0.228253,0.2186
G008,L002,7974,0.047487,0.065742,,,,0.104270,0.089775,-0.169753,0.0922
G009,L001,4063,,,,,,,,,
G010,L001,4062,,,,,,,,,
G011,L001,2871,,,,,,,,,
