route,ref,layer,side,size_bucket,N,median,iqr,p90,p95,p99,band_edge_rate,prev_close_cross_rate
tostnet_large_lots,prev,off_both,all,>=2,4,-0.001691,0.020203,0.021253,0.024603,0.027283,0.000000,0.000000
tostnet_large_lots,prev,off_both,all,"[0,0.25)",12,-0.016588,0.011866,-0.002634,0.020239,0.042456,0.000000,0.000000
tostnet_large_lots,prev,off_both,all,"[0.25,0.5)",4,0.027542,0.029469,0.040202,0.040252,0.040291,0.000000,0.000000
tostnet_large_lots,prev,off_both,all,"[0.5,1)",3,-0.007547,0.026016,0.030732,0.035517,0.039344,0.000000,0.000000
tostnet_large_lots,prev,off_both,all,"[1,2)",2,0.040401,0.049987,0.080391,0.085390,0.089389,0.500000,0.000000
tostnet_large_lots,prev,off_both,all,ALL,25,-0.007547,0.031701,0.040301,0.046468,0.080218,0.040000,0.000000
tostnet_large_lots,prev,off_both,discount,"[0,0.25)",3,-0.011288,0.018965,-0.007446,-0.006966,-0.006582,0.000000,0.000000
tostnet_large_lots,prev,off_both,discount,"[0.25,0.5)",3,0.039970,0.021653,0.040235,0.040268,0.040295,0.000000,0.000000
tostnet_large_lots,prev,off_both,discount,"[0.5,1)",2,0.016377,0.023924,0.035517,0.037909,0.039823,0.000000,0.000000
tostnet_large_lots,prev,off_both,discount,"[1,2)",2,0.040401,0.049987,0.080391,0.085390,0.089389,0.500000,0.000000
tostnet_large_lots,prev,off_both,discount,ALL,10,-0.004745,0.049295,0.045310,0.067849,0.085880,0.100000,0.000000
tostnet_large_lots,prev,off_both,premium,>=2,4,-0.001691,0.020203,0.021253,0.024603,0.027283,0.000000,0.000000
tostnet_large_lots,prev,off_both,premium,"[0,0.25)",9,-0.016588,0.012598,0.007615,0.027813,0.043971,0.000000,0.000000
tostnet_large_lots,prev,off_both,premium,"[0.25,0.5)",1,0.015114,0.000000,0.015114,0.015114,0.015114,0.000000,0.000000
tostnet_large_lots,prev,off_both,premium,"[0.5,1)",1,-0.011730,0.000000,-0.011730,-0.011730,-0.011730,0.000000,0.000000
tostnet_large_lots,prev,off_both,premium,ALL,15,-0.009001,0.018155,0.022817,0.033970,0.045202,0.000000,0.000000
tostnet_large_lots,close,off_both,all,>=2,4,-0.008577,0.010884,-0.003937,-0.003937,-0.003937,0.000000,0.000000
tostnet_large_lots,close,off_both,all,"[0,0.25)",12,-0.017079,0.031250,0.006213,0.011516,0.016325,0.000000,0.000000
tostnet_large_lots,close,off_both,all,"[0.25,0.5)",4,0.016743,0.027237,0.031814,0.032545,0.033130,0.000000,0.000000
tostnet_large_lots,close,off_both,all,"[0.5,1)",3,0.004807,0.020592,0.027583,0.030430,0.032707,0.000000,0.000000
tostnet_large_lots,close,off_both,all,"[1,2)",2,0.029493,0.011329,0.038556,0.039689,0.040595,0.500000,0.000000
tostnet_large_lots,close,off_both,all,ALL,25,-0.004613,0.026231,0.031326,0.033277,0.039011,0.040000,0.000000
tostnet_large_lots,close,off_both,discount,"[0,0.25)",3,0.006598,0.007388,0.015342,0.016435,0.017309,0.000000,0.000000
tostnet_large_lots,close,off_both,discount,"[0.25,0.5)",3,0.028399,0.014095,0.032301,0.032789,0.033179,0.000000,0.000000
tostnet_large_lots,close,off_both,discount,"[0.5,1)",2,0.019042,0.014235,0.030430,0.031853,0.032992,0.000000,0.000000
tostnet_large_lots,close,off_both,discount,"[1,2)",2,0.029493,0.011329,0.038556,0.039689,0.040595,0.500000,0.000000
tostnet_large_lots,close,off_both,discount,ALL,10,0.017846,0.026593,0.034031,0.037427,0.040143,0.100000,0.000000
tostnet_large_lots,close,off_both,premium,>=2,4,-0.008577,0.010884,-0.003937,-0.003937,-0.003937,0.000000,0.000000
tostnet_large_lots,close,off_both,premium,"[0,0.25)",9,-0.034023,0.025621,-0.007084,-0.005849,-0.004860,0.000000,0.000000
tostnet_large_lots,close,off_both,premium,"[0.25,0.5)",1,-0.005731,0.000000,-0.005731,-0.005731,-0.005731,0.000000,0.000000
tostnet_large_lots,close,off_both,premium,"[0.5,1)",1,-0.007907,0.000000,-0.007907,-0.007907,-0.007907,0.000000,0.000000
tostnet_large_lots,close,off_both,premium,ALL,15,-0.013217,0.027306,-0.004208,-0.003937,-0.003937,0.000000,0.000000
tostnet_large_lots,prev,at_close_dayret,-,"[0,0.25)",45,-0.013810,0.014294,0.020742,0.039574,0.144097,0.200000,0.044444
tostnet_large_lots,prev,at_close_dayret,-,"[0.25,0.5)",6,-0.026432,0.012142,-0.013292,-0.013269,-0.013251,0.000000,0.000000
tostnet_large_lots,prev,at_close_dayret,-,"[0.5,1)",2,-0.002265,0.000904,-0.001542,-0.001452,-0.001379,0.000000,0.000000
tostnet_large_lots,prev,at_close_dayret,-,"[1,2)",1,0.028722,0.000000,0.028722,0.028722,0.028722,0.000000,0.000000
tostnet_large_lots,prev,at_close_dayret,-,ALL,54,-0.013810,0.013270,0.020742,0.035678,0.140097,0.166667,0.037037
tostnet_large_lots,close,at_prev_move,-,"[1,2)",1,-0.001602,0.000000,-0.001602,-0.001602,-0.001602,0.000000,1.000000
tostnet_large_lots,close,at_prev_move,-,ALL,1,-0.001602,0.000000,-0.001602,-0.001602,-0.001602,0.000000,1.000000
offauction_distribution,prev,administered,all,>=2,3,0.030214,0.000293,0.030394,0.030416,0.030434,0.000000,0.000000
offauction_distribution,prev,administered,all,ALL,3,0.030214,0.000293,0.030394,0.030416,0.030434,0.000000,0.000000
